"park_code","park","year","month_number","month","recreation_visits"
"BICY","Big Cypress National Preserve","2015","1","January","114045"
"BICY","Big Cypress National Preserve","2015","2","February","144112"
"BICY","Big Cypress National Preserve","2015","3","March","153084"
"BICY","Big Cypress National Preserve","2015","4","April","113880"
"BICY","Big Cypress National Preserve","2015","5","May","72510"
"BICY","Big Cypress National Preserve","2015","6","June","64968"
"BICY","Big Cypress National Preserve","2015","7","July","78688"
"BICY","Big Cypress National Preserve","2015","8","August","49854"
"BICY","Big Cypress National Preserve","2015","9","September","53746"
"BICY","Big Cypress National Preserve","2015","10","October","65884"
"BICY","Big Cypress National Preserve","2015","11","November","83195"
"BICY","Big Cypress National Preserve","2015","12","December","118324"
"BICY","Big Cypress National Preserve","2016","1","January","112464"
"BICY","Big Cypress National Preserve","2016","2","February","141457"
"BICY","Big Cypress National Preserve","2016","3","March","161649"
"BICY","Big Cypress National Preserve","2016","4","April","97850"
"BICY","Big Cypress National Preserve","2016","5","May","83736"
"BICY","Big Cypress National Preserve","2016","6","June","59534"
"BICY","Big Cypress National Preserve","2016","7","July","63078"
"BICY","Big Cypress National Preserve","2016","8","August","51889"
"BICY","Big Cypress National Preserve","2016","9","September","66335"
"BICY","Big Cypress National Preserve","2016","10","October","58178"
"BICY","Big Cypress National Preserve","2016","11","November","109696"
"BICY","Big Cypress National Preserve","2016","12","December","96282"
"BICY","Big Cypress National Preserve","2017","1","January","117520"
"BICY","Big Cypress National Preserve","2017","2","February","125431"
"BICY","Big Cypress National Preserve","2017","3","March","138863"
"BICY","Big Cypress National Preserve","2017","4","April","94443"
"BICY","Big Cypress National Preserve","2017","5","May","76725"
"BICY","Big Cypress National Preserve","2017","6","June","43093"
"BICY","Big Cypress National Preserve","2017","7","July","72270"
"BICY","Big Cypress National Preserve","2017","8","August","48465"
"BICY","Big Cypress National Preserve","2017","9","September","32593"
"BICY","Big Cypress National Preserve","2017","10","October","33984"
"BICY","Big Cypress National Preserve","2017","11","November","54160"
"BICY","Big Cypress National Preserve","2017","12","December","85336"
"BICY","Big Cypress National Preserve","2018","1","January","58788"
"BICY","Big Cypress National Preserve","2018","2","February","114628"
"BICY","Big Cypress National Preserve","2018","3","March","108822"
"BICY","Big Cypress National Preserve","2018","4","April","97916"
"BICY","Big Cypress National Preserve","2018","5","May","60940"
"BICY","Big Cypress National Preserve","2018","6","June","43628"
"BICY","Big Cypress National Preserve","2018","7","July","46520"
"BICY","Big Cypress National Preserve","2018","8","August","31974"
"BICY","Big Cypress National Preserve","2018","9","September","38965"
"BICY","Big Cypress National Preserve","2018","10","October","42112"
"BICY","Big Cypress National Preserve","2018","11","November","72107"
"BICY","Big Cypress National Preserve","2018","12","December","77950"
"BICY","Big Cypress National Preserve","2019","1","January","86391"
"BICY","Big Cypress National Preserve","2019","2","February","183754"
"BICY","Big Cypress National Preserve","2019","3","March","112730"
"BICY","Big Cypress National Preserve","2019","4","April","67562"
"BICY","Big Cypress National Preserve","2019","5","May","62298"
"BICY","Big Cypress National Preserve","2019","6","June","49683"
"BICY","Big Cypress National Preserve","2019","7","July","49956"
"BICY","Big Cypress National Preserve","2019","8","August","53820"
"BICY","Big Cypress National Preserve","2019","9","September","66352"
"BICY","Big Cypress National Preserve","2019","10","October","75219"
"BICY","Big Cypress National Preserve","2019","11","November","99814"
"BICY","Big Cypress National Preserve","2019","12","December","99892"
"BICY","Big Cypress National Preserve","2020","1","January","152542"
"BICY","Big Cypress National Preserve","2020","2","February","198012"
"BICY","Big Cypress National Preserve","2020","3","March","131162"
"BICY","Big Cypress National Preserve","2020","4","April","46748"
"BICY","Big Cypress National Preserve","2020","5","May","84674"
"BICY","Big Cypress National Preserve","2020","6","June","62260"
"BICY","Big Cypress National Preserve","2020","7","July","83595"
"BICY","Big Cypress National Preserve","2020","8","August","83909"
"BICY","Big Cypress National Preserve","2020","9","September","61048"
"BICY","Big Cypress National Preserve","2020","10","October","77876"
"BICY","Big Cypress National Preserve","2020","11","November","99941"
"BICY","Big Cypress National Preserve","2020","12","December","100163"
"BICY","Big Cypress National Preserve","2021","1","January","220058"
"BICY","Big Cypress National Preserve","2021","2","February","311198"
"BICY","Big Cypress National Preserve","2021","3","March","274114"
"BICY","Big Cypress National Preserve","2021","4","April","216660"
"BICY","Big Cypress National Preserve","2021","5","May","190034"
"BICY","Big Cypress National Preserve","2021","6","June","200757"
"BICY","Big Cypress National Preserve","2021","7","July","148604"
"BICY","Big Cypress National Preserve","2021","8","August","142322"
"BICY","Big Cypress National Preserve","2021","9","September","135184"
"BICY","Big Cypress National Preserve","2021","10","October","171184"
"BICY","Big Cypress National Preserve","2021","11","November","227410"
"BICY","Big Cypress National Preserve","2021","12","December","326285"
"BICY","Big Cypress National Preserve","2022","1","January","357457"
"BICY","Big Cypress National Preserve","2022","2","February","366346"
"BICY","Big Cypress National Preserve","2022","3","March","374656"
"BICY","Big Cypress National Preserve","2022","4","April","271226"
"BICY","Big Cypress National Preserve","2022","5","May","204206"
"BICY","Big Cypress National Preserve","2022","6","June","193026"
"BICY","Big Cypress National Preserve","2022","7","July","185896"
"BICY","Big Cypress National Preserve","2022","8","August","173367"
"BICY","Big Cypress National Preserve","2022","9","September","147270"
"BICY","Big Cypress National Preserve","2022","10","October","153852"
"BICY","Big Cypress National Preserve","2022","11","November","202975"
"BICY","Big Cypress National Preserve","2022","12","December","272882"
"BICY","Big Cypress National Preserve","2023","1","January","200781"
"BICY","Big Cypress National Preserve","2023","2","February","245574"
"BICY","Big Cypress National Preserve","2023","3","March","228770"
"BICY","Big Cypress National Preserve","2023","4","April","163922"
"BICY","Big Cypress National Preserve","2023","5","May","131347"
"BICY","Big Cypress National Preserve","2023","6","June","109312"
"BICY","Big Cypress National Preserve","2023","7","July","104137"
"BICY","Big Cypress National Preserve","2023","8","August","98338"
"BICY","Big Cypress National Preserve","2023","9","September","93866"
"BICY","Big Cypress National Preserve","2023","10","October","111329"
"BICY","Big Cypress National Preserve","2023","11","November","152388"
"BICY","Big Cypress National Preserve","2023","12","December","206798"
"BICY","Big Cypress National Preserve","2024","1","January","254458"
"BICY","Big Cypress National Preserve","2024","2","February","258142"
"BICY","Big Cypress National Preserve","2024","3","March","260198"
"BICY","Big Cypress National Preserve","2024","4","April","174300"
"BICY","Big Cypress National Preserve","2024","5","May","133142"
"BICY","Big Cypress National Preserve","2024","6","June","135576"
"BICY","Big Cypress National Preserve","2024","7","July","122969"
"BICY","Big Cypress National Preserve","2024","8","August","139080"
"BICY","Big Cypress National Preserve","2024","9","September","115415"
"BICY","Big Cypress National Preserve","2024","10","October","92362"
"BICY","Big Cypress National Preserve","2024","11","November","211090"
"BICY","Big Cypress National Preserve","2024","12","December","319976"
"BICY","Big Cypress National Preserve","2025","1","January","386688"
"BICY","Big Cypress National Preserve","2025","2","February","293212"
"BICY","Big Cypress National Preserve","2025","3","March","401190"
"BICY","Big Cypress National Preserve","2025","4","April","243727"
"BICY","Big Cypress National Preserve","2025","5","May","119482"
"BICY","Big Cypress National Preserve","2025","6","June","117468"
"BICY","Big Cypress National Preserve","2025","7","July","78240"
"BICY","Big Cypress National Preserve","2025","8","August","85274"
"BICY","Big Cypress National Preserve","2025","9","September","129469"
"BICY","Big Cypress National Preserve","2025","10","October","102084"
"BICY","Big Cypress National Preserve","2025","11","November","135499"
"BICY","Big Cypress National Preserve","2025","12","December","170398"
"BISC","Biscayne National Park","2015","1","January","34409"
"BISC","Biscayne National Park","2015","2","February","29061"
"BISC","Biscayne National Park","2015","3","March","49590"
"BISC","Biscayne National Park","2015","4","April","54897"
"BISC","Biscayne National Park","2015","5","May","57450"
"BISC","Biscayne National Park","2015","6","June","51499"
"BISC","Biscayne National Park","2015","7","July","59061"
"BISC","Biscayne National Park","2015","8","August","53480"
"BISC","Biscayne National Park","2015","9","September","40551"
"BISC","Biscayne National Park","2015","10","October","27634"
"BISC","Biscayne National Park","2015","11","November","25228"
"BISC","Biscayne National Park","2015","12","December","25304"
"BISC","Biscayne National Park","2016","1","January","35755"
"BISC","Biscayne National Park","2016","2","February","30663"
"BISC","Biscayne National Park","2016","3","March","43331"
"BISC","Biscayne National Park","2016","4","April","50964"
"BISC","Biscayne National Park","2016","5","May","61050"
"BISC","Biscayne National Park","2016","6","June","43964"
"BISC","Biscayne National Park","2016","7","July","70830"
"BISC","Biscayne National Park","2016","8","August","46961"
"BISC","Biscayne National Park","2016","9","September","44645"
"BISC","Biscayne National Park","2016","10","October","24114"
"BISC","Biscayne National Park","2016","11","November","33694"
"BISC","Biscayne National Park","2016","12","December","28738"
"BISC","Biscayne National Park","2017","1","January","30661"
"BISC","Biscayne National Park","2017","2","February","34689"
"BISC","Biscayne National Park","2017","3","March","36433"
"BISC","Biscayne National Park","2017","4","April","41287"
"BISC","Biscayne National Park","2017","5","May","55595"
"BISC","Biscayne National Park","2017","6","June","46085"
"BISC","Biscayne National Park","2017","7","July","65142"
"BISC","Biscayne National Park","2017","8","August","41633"
"BISC","Biscayne National Park","2017","9","September","6230"
"BISC","Biscayne National Park","2017","10","October","19456"
"BISC","Biscayne National Park","2017","11","November","34442"
"BISC","Biscayne National Park","2017","12","December","35308"
"BISC","Biscayne National Park","2018","1","January","27638"
"BISC","Biscayne National Park","2018","2","February","32586"
"BISC","Biscayne National Park","2018","3","March","49114"
"BISC","Biscayne National Park","2018","4","April","53080"
"BISC","Biscayne National Park","2018","5","May","22249"
"BISC","Biscayne National Park","2018","6","June","52446"
"BISC","Biscayne National Park","2018","7","July","54859"
"BISC","Biscayne National Park","2018","8","August","46332"
"BISC","Biscayne National Park","2018","9","September","37170"
"BISC","Biscayne National Park","2018","10","October","29135"
"BISC","Biscayne National Park","2018","11","November","29512"
"BISC","Biscayne National Park","2018","12","December","35132"
"BISC","Biscayne National Park","2019","1","January","50873"
"BISC","Biscayne National Park","2019","2","February","59754"
"BISC","Biscayne National Park","2019","3","March","76685"
"BISC","Biscayne National Park","2019","4","April","64172"
"BISC","Biscayne National Park","2019","5","May","79779"
"BISC","Biscayne National Park","2019","6","June","65173"
"BISC","Biscayne National Park","2019","7","July","60239"
"BISC","Biscayne National Park","2019","8","August","46191"
"BISC","Biscayne National Park","2019","9","September","46723"
"BISC","Biscayne National Park","2019","10","October","38582"
"BISC","Biscayne National Park","2019","11","November","59948"
"BISC","Biscayne National Park","2019","12","December","60403"
"BISC","Biscayne National Park","2020","1","January","79041"
"BISC","Biscayne National Park","2020","2","February","91655"
"BISC","Biscayne National Park","2020","3","March","11052"
"BISC","Biscayne National Park","2020","4","April","2358"
"BISC","Biscayne National Park","2020","5","May","43692"
"BISC","Biscayne National Park","2020","6","June","32646"
"BISC","Biscayne National Park","2020","7","July","28770"
"BISC","Biscayne National Park","2020","8","August","34416"
"BISC","Biscayne National Park","2020","9","September","24678"
"BISC","Biscayne National Park","2020","10","October","17526"
"BISC","Biscayne National Park","2020","11","November","16320"
"BISC","Biscayne National Park","2020","12","December","20616"
"BISC","Biscayne National Park","2021","1","January","59970"
"BISC","Biscayne National Park","2021","2","February","56112"
"BISC","Biscayne National Park","2021","3","March","70526"
"BISC","Biscayne National Park","2021","4","April","63980"
"BISC","Biscayne National Park","2021","5","May","79373"
"BISC","Biscayne National Park","2021","6","June","55866"
"BISC","Biscayne National Park","2021","7","July","51016"
"BISC","Biscayne National Park","2021","8","August","46213"
"BISC","Biscayne National Park","2021","9","September","56434"
"BISC","Biscayne National Park","2021","10","October","41834"
"BISC","Biscayne National Park","2021","11","November","54005"
"BISC","Biscayne National Park","2021","12","December","70326"
"BISC","Biscayne National Park","2022","1","January","55096"
"BISC","Biscayne National Park","2022","2","February","62829"
"BISC","Biscayne National Park","2022","3","March","64243"
"BISC","Biscayne National Park","2022","4","April","63574"
"BISC","Biscayne National Park","2022","5","May","70048"
"BISC","Biscayne National Park","2022","6","June","54233"
"BISC","Biscayne National Park","2022","7","July","68066"
"BISC","Biscayne National Park","2022","8","August","52652"
"BISC","Biscayne National Park","2022","9","September","45857"
"BISC","Biscayne National Park","2022","10","October","44757"
"BISC","Biscayne National Park","2022","11","November","54538"
"BISC","Biscayne National Park","2022","12","December","65130"
"BISC","Biscayne National Park","2023","1","January","48536"
"BISC","Biscayne National Park","2023","2","February","53636"
"BISC","Biscayne National Park","2023","3","March","61580"
"BISC","Biscayne National Park","2023","4","April","61781"
"BISC","Biscayne National Park","2023","5","May","53570"
"BISC","Biscayne National Park","2023","6","June","46952"
"BISC","Biscayne National Park","2023","7","July","66638"
"BISC","Biscayne National Park","2023","8","August","41872"
"BISC","Biscayne National Park","2023","9","September","47306"
"BISC","Biscayne National Park","2023","10","October","32702"
"BISC","Biscayne National Park","2023","11","November","27289"
"BISC","Biscayne National Park","2023","12","December","29380"
"BISC","Biscayne National Park","2024","1","January","31701"
"BISC","Biscayne National Park","2024","2","February","37428"
"BISC","Biscayne National Park","2024","3","March","46810"
"BISC","Biscayne National Park","2024","4","April","41856"
"BISC","Biscayne National Park","2024","5","May","51610"
"BISC","Biscayne National Park","2024","6","June","47208"
"BISC","Biscayne National Park","2024","7","July","58503"
"BISC","Biscayne National Park","2024","8","August","40348"
"BISC","Biscayne National Park","2024","9","September","49744"
"BISC","Biscayne National Park","2024","10","October","41396"
"BISC","Biscayne National Park","2024","11","November","32466"
"BISC","Biscayne National Park","2024","12","December","33143"
"BISC","Biscayne National Park","2025","1","January","32032"
"BISC","Biscayne National Park","2025","2","February","40136"
"BISC","Biscayne National Park","2025","3","March","52222"
"BISC","Biscayne National Park","2025","4","April","46004"
"BISC","Biscayne National Park","2025","5","May","53688"
"BISC","Biscayne National Park","2025","6","June","45451"
"BISC","Biscayne National Park","2025","7","July","47348"
"BISC","Biscayne National Park","2025","8","August","45826"
"BISC","Biscayne National Park","2025","9","September","28454"
"BISC","Biscayne National Park","2025","10","October","22367"
"BISC","Biscayne National Park","2025","11","November","34717"
"BISC","Biscayne National Park","2025","12","December","38322"
"CANA","Canaveral National Seashore","2015","1","January","108691"
"CANA","Canaveral National Seashore","2015","2","February","110041"
"CANA","Canaveral National Seashore","2015","3","March","200878"
"CANA","Canaveral National Seashore","2015","4","April","168201"
"CANA","Canaveral National Seashore","2015","5","May","191627"
"CANA","Canaveral National Seashore","2015","6","June","154056"
"CANA","Canaveral National Seashore","2015","7","July","163169"
"CANA","Canaveral National Seashore","2015","8","August","132020"
"CANA","Canaveral National Seashore","2015","9","September","117186"
"CANA","Canaveral National Seashore","2015","10","October","120443"
"CANA","Canaveral National Seashore","2015","11","November","105075"
"CANA","Canaveral National Seashore","2015","12","December","118367"
"CANA","Canaveral National Seashore","2016","1","January","102061"
"CANA","Canaveral National Seashore","2016","2","February","136845"
"CANA","Canaveral National Seashore","2016","3","March","181932"
"CANA","Canaveral National Seashore","2016","4","April","181404"
"CANA","Canaveral National Seashore","2016","5","May","221608"
"CANA","Canaveral National Seashore","2016","6","June","172855"
"CANA","Canaveral National Seashore","2016","7","July","216437"
"CANA","Canaveral National Seashore","2016","8","August","143200"
"CANA","Canaveral National Seashore","2016","9","September","95843"
"CANA","Canaveral National Seashore","2016","10","October","38994"
"CANA","Canaveral National Seashore","2016","11","November","65361"
"CANA","Canaveral National Seashore","2016","12","December","73404"
"CANA","Canaveral National Seashore","2017","1","January","105337"
"CANA","Canaveral National Seashore","2017","2","February","139483"
"CANA","Canaveral National Seashore","2017","3","March","187762"
"CANA","Canaveral National Seashore","2017","4","April","185867"
"CANA","Canaveral National Seashore","2017","5","May","224025"
"CANA","Canaveral National Seashore","2017","6","June","172854"
"CANA","Canaveral National Seashore","2017","7","July","138018"
"CANA","Canaveral National Seashore","2017","8","August","144612"
"CANA","Canaveral National Seashore","2017","9","September","83910"
"CANA","Canaveral National Seashore","2017","10","October","65255"
"CANA","Canaveral National Seashore","2017","11","November","71128"
"CANA","Canaveral National Seashore","2017","12","December","80335"
"CANA","Canaveral National Seashore","2018","1","January","112023"
"CANA","Canaveral National Seashore","2018","2","February","196655"
"CANA","Canaveral National Seashore","2018","3","March","125562"
"CANA","Canaveral National Seashore","2018","4","April","180827"
"CANA","Canaveral National Seashore","2018","5","May","227620"
"CANA","Canaveral National Seashore","2018","6","June","178216"
"CANA","Canaveral National Seashore","2018","7","July","189285"
"CANA","Canaveral National Seashore","2018","8","August","145902"
"CANA","Canaveral National Seashore","2018","9","September","89187"
"CANA","Canaveral National Seashore","2018","10","October","71536"
"CANA","Canaveral National Seashore","2018","11","November","76885"
"CANA","Canaveral National Seashore","2018","12","December","64157"
"CANA","Canaveral National Seashore","2019","1","January","29020"
"CANA","Canaveral National Seashore","2019","2","February","211401"
"CANA","Canaveral National Seashore","2019","3","March","162987"
"CANA","Canaveral National Seashore","2019","4","April","195898"
"CANA","Canaveral National Seashore","2019","5","May","246616"
"CANA","Canaveral National Seashore","2019","6","June","200381"
"CANA","Canaveral National Seashore","2019","7","July","162947"
"CANA","Canaveral National Seashore","2019","8","August","165527"
"CANA","Canaveral National Seashore","2019","9","September","138980"
"CANA","Canaveral National Seashore","2019","10","October","118089"
"CANA","Canaveral National Seashore","2019","11","November","129264"
"CANA","Canaveral National Seashore","2019","12","December","123012"
"CANA","Canaveral National Seashore","2020","1","January","83344"
"CANA","Canaveral National Seashore","2020","2","February","83748"
"CANA","Canaveral National Seashore","2020","3","March","92736"
"CANA","Canaveral National Seashore","2020","4","April","5550"
"CANA","Canaveral National Seashore","2020","5","May","6065"
"CANA","Canaveral National Seashore","2020","6","June","106883"
"CANA","Canaveral National Seashore","2020","7","July","112898"
"CANA","Canaveral National Seashore","2020","8","August","93577"
"CANA","Canaveral National Seashore","2020","9","September","173768"
"CANA","Canaveral National Seashore","2020","10","October","134756"
"CANA","Canaveral National Seashore","2020","11","November","128413"
"CANA","Canaveral National Seashore","2020","12","December","141212"
"CANA","Canaveral National Seashore","2021","1","January","163471"
"CANA","Canaveral National Seashore","2021","2","February","176601"
"CANA","Canaveral National Seashore","2021","3","March","229427"
"CANA","Canaveral National Seashore","2021","4","April","204867"
"CANA","Canaveral National Seashore","2021","5","May","271400"
"CANA","Canaveral National Seashore","2021","6","June","194096"
"CANA","Canaveral National Seashore","2021","7","July","206636"
"CANA","Canaveral National Seashore","2021","8","August","180688"
"CANA","Canaveral National Seashore","2021","9","September","184464"
"CANA","Canaveral National Seashore","2021","10","October","132666"
"CANA","Canaveral National Seashore","2021","11","November","109890"
"CANA","Canaveral National Seashore","2021","12","December","163853"
"CANA","Canaveral National Seashore","2022","1","January","151584"
"CANA","Canaveral National Seashore","2022","2","February","187363"
"CANA","Canaveral National Seashore","2022","3","March","242357"
"CANA","Canaveral National Seashore","2022","4","April","203907"
"CANA","Canaveral National Seashore","2022","5","May","223204"
"CANA","Canaveral National Seashore","2022","6","June","204447"
"CANA","Canaveral National Seashore","2022","7","July","233352"
"CANA","Canaveral National Seashore","2022","8","August","190068"
"CANA","Canaveral National Seashore","2022","9","September","159502"
"CANA","Canaveral National Seashore","2022","10","October","169750"
"CANA","Canaveral National Seashore","2022","11","November","91349"
"CANA","Canaveral National Seashore","2022","12","December","65192"
"CANA","Canaveral National Seashore","2023","1","January","163667"
"CANA","Canaveral National Seashore","2023","2","February","189835"
"CANA","Canaveral National Seashore","2023","3","March","244293"
"CANA","Canaveral National Seashore","2023","4","April","209209"
"CANA","Canaveral National Seashore","2023","5","May","223332"
"CANA","Canaveral National Seashore","2023","6","June","204124"
"CANA","Canaveral National Seashore","2023","7","July","173296"
"CANA","Canaveral National Seashore","2023","8","August","146337"
"CANA","Canaveral National Seashore","2023","9","September","142093"
"CANA","Canaveral National Seashore","2023","10","October","119704"
"CANA","Canaveral National Seashore","2023","11","November","94743"
"CANA","Canaveral National Seashore","2023","12","December","108440"
"CANA","Canaveral National Seashore","2024","1","January","123332"
"CANA","Canaveral National Seashore","2024","2","February","149343"
"CANA","Canaveral National Seashore","2024","3","March","215092"
"CANA","Canaveral National Seashore","2024","4","April","188681"
"CANA","Canaveral National Seashore","2024","5","May","209558"
"CANA","Canaveral National Seashore","2024","6","June","182051"
"CANA","Canaveral National Seashore","2024","7","July","176242"
"CANA","Canaveral National Seashore","2024","8","August","150459"
"CANA","Canaveral National Seashore","2024","9","September","123653"
"CANA","Canaveral National Seashore","2024","10","October","115314"
"CANA","Canaveral National Seashore","2024","11","November","131513"
"CANA","Canaveral National Seashore","2024","12","December","118853"
"CANA","Canaveral National Seashore","2025","1","January","142552"
"CANA","Canaveral National Seashore","2025","2","February","193635"
"CANA","Canaveral National Seashore","2025","3","March","267068"
"CANA","Canaveral National Seashore","2025","4","April","274566"
"CANA","Canaveral National Seashore","2025","5","May","252698"
"CANA","Canaveral National Seashore","2025","6","June","270382"
"CANA","Canaveral National Seashore","2025","7","July","253403"
"CANA","Canaveral National Seashore","2025","8","August","227762"
"CANA","Canaveral National Seashore","2025","9","September","189143"
"CANA","Canaveral National Seashore","2025","10","October","78143"
"CANA","Canaveral National Seashore","2025","11","November","175034"
"CANA","Canaveral National Seashore","2025","12","December","172561"
"DRTO","Dry Tortugas National Park","2015","1","January","6092"
"DRTO","Dry Tortugas National Park","2015","2","February","5213"
"DRTO","Dry Tortugas National Park","2015","3","March","7227"
"DRTO","Dry Tortugas National Park","2015","4","April","7112"
"DRTO","Dry Tortugas National Park","2015","5","May","7010"
"DRTO","Dry Tortugas National Park","2015","6","June","7374"
"DRTO","Dry Tortugas National Park","2015","7","July","7171"
"DRTO","Dry Tortugas National Park","2015","8","August","5392"
"DRTO","Dry Tortugas National Park","2015","9","September","5278"
"DRTO","Dry Tortugas National Park","2015","10","October","4043"
"DRTO","Dry Tortugas National Park","2015","11","November","3337"
"DRTO","Dry Tortugas National Park","2015","12","December","5613"
"DRTO","Dry Tortugas National Park","2016","1","January","4616"
"DRTO","Dry Tortugas National Park","2016","2","February","1313"
"DRTO","Dry Tortugas National Park","2016","3","March","7167"
"DRTO","Dry Tortugas National Park","2016","4","April","6729"
"DRTO","Dry Tortugas National Park","2016","5","May","7095"
"DRTO","Dry Tortugas National Park","2016","6","June","8969"
"DRTO","Dry Tortugas National Park","2016","7","July","7692"
"DRTO","Dry Tortugas National Park","2016","8","August","6834"
"DRTO","Dry Tortugas National Park","2016","9","September","6329"
"DRTO","Dry Tortugas National Park","2016","10","October","4347"
"DRTO","Dry Tortugas National Park","2016","11","November","6262"
"DRTO","Dry Tortugas National Park","2016","12","December","6308"
"DRTO","Dry Tortugas National Park","2017","1","January","4492"
"DRTO","Dry Tortugas National Park","2017","2","February","3900"
"DRTO","Dry Tortugas National Park","2017","3","March","7200"
"DRTO","Dry Tortugas National Park","2017","4","April","6880"
"DRTO","Dry Tortugas National Park","2017","5","May","5908"
"DRTO","Dry Tortugas National Park","2017","6","June","5568"
"DRTO","Dry Tortugas National Park","2017","7","July","5628"
"DRTO","Dry Tortugas National Park","2017","8","August","4276"
"DRTO","Dry Tortugas National Park","2017","9","September","176"
"DRTO","Dry Tortugas National Park","2017","10","October","233"
"DRTO","Dry Tortugas National Park","2017","11","November","5020"
"DRTO","Dry Tortugas National Park","2017","12","December","5000"
"DRTO","Dry Tortugas National Park","2018","1","January","4236"
"DRTO","Dry Tortugas National Park","2018","2","February","6474"
"DRTO","Dry Tortugas National Park","2018","3","March","5509"
"DRTO","Dry Tortugas National Park","2018","4","April","4908"
"DRTO","Dry Tortugas National Park","2018","5","May","5488"
"DRTO","Dry Tortugas National Park","2018","6","June","5854"
"DRTO","Dry Tortugas National Park","2018","7","July","6162"
"DRTO","Dry Tortugas National Park","2018","8","August","6484"
"DRTO","Dry Tortugas National Park","2018","9","September","4845"
"DRTO","Dry Tortugas National Park","2018","10","October","643"
"DRTO","Dry Tortugas National Park","2018","11","November","4921"
"DRTO","Dry Tortugas National Park","2018","12","December","1286"
"DRTO","Dry Tortugas National Park","2019","1","January","6179"
"DRTO","Dry Tortugas National Park","2019","2","February","6937"
"DRTO","Dry Tortugas National Park","2019","3","March","7417"
"DRTO","Dry Tortugas National Park","2019","4","April","7720"
"DRTO","Dry Tortugas National Park","2019","5","May","8124"
"DRTO","Dry Tortugas National Park","2019","6","June","8041"
"DRTO","Dry Tortugas National Park","2019","7","July","7692"
"DRTO","Dry Tortugas National Park","2019","8","August","6658"
"DRTO","Dry Tortugas National Park","2019","9","September","4694"
"DRTO","Dry Tortugas National Park","2019","10","October","4432"
"DRTO","Dry Tortugas National Park","2019","11","November","5336"
"DRTO","Dry Tortugas National Park","2019","12","December","5970"
"DRTO","Dry Tortugas National Park","2020","1","January","5911"
"DRTO","Dry Tortugas National Park","2020","2","February","5972"
"DRTO","Dry Tortugas National Park","2020","3","March","3674"
"DRTO","Dry Tortugas National Park","2020","4","April","200"
"DRTO","Dry Tortugas National Park","2020","5","May","308"
"DRTO","Dry Tortugas National Park","2020","6","June","4389"
"DRTO","Dry Tortugas National Park","2020","7","July","3928"
"DRTO","Dry Tortugas National Park","2020","8","August","3971"
"DRTO","Dry Tortugas National Park","2020","9","September","4510"
"DRTO","Dry Tortugas National Park","2020","10","October","5384"
"DRTO","Dry Tortugas National Park","2020","11","November","3901"
"DRTO","Dry Tortugas National Park","2020","12","December","6395"
"DRTO","Dry Tortugas National Park","2021","1","January","7519"
"DRTO","Dry Tortugas National Park","2021","2","February","4641"
"DRTO","Dry Tortugas National Park","2021","3","March","8055"
"DRTO","Dry Tortugas National Park","2021","4","April","7488"
"DRTO","Dry Tortugas National Park","2021","5","May","7497"
"DRTO","Dry Tortugas National Park","2021","6","June","8175"
"DRTO","Dry Tortugas National Park","2021","7","July","6880"
"DRTO","Dry Tortugas National Park","2021","8","August","6274"
"DRTO","Dry Tortugas National Park","2021","9","September","6115"
"DRTO","Dry Tortugas National Park","2021","10","October","6789"
"DRTO","Dry Tortugas National Park","2021","11","November","6732"
"DRTO","Dry Tortugas National Park","2021","12","December","7652"
"DRTO","Dry Tortugas National Park","2022","1","January","6633"
"DRTO","Dry Tortugas National Park","2022","2","February","6220"
"DRTO","Dry Tortugas National Park","2022","3","March","7528"
"DRTO","Dry Tortugas National Park","2022","4","April","7562"
"DRTO","Dry Tortugas National Park","2022","5","May","7951"
"DRTO","Dry Tortugas National Park","2022","6","June","7460"
"DRTO","Dry Tortugas National Park","2022","7","July","6849"
"DRTO","Dry Tortugas National Park","2022","8","August","6725"
"DRTO","Dry Tortugas National Park","2022","9","September","5357"
"DRTO","Dry Tortugas National Park","2022","10","October","3603"
"DRTO","Dry Tortugas National Park","2022","11","November","5630"
"DRTO","Dry Tortugas National Park","2022","12","December","6970"
"DRTO","Dry Tortugas National Park","2023","1","January","5956"
"DRTO","Dry Tortugas National Park","2023","2","February","6899"
"DRTO","Dry Tortugas National Park","2023","3","March","7989"
"DRTO","Dry Tortugas National Park","2023","4","April","7707"
"DRTO","Dry Tortugas National Park","2023","5","May","9215"
"DRTO","Dry Tortugas National Park","2023","6","June","8474"
"DRTO","Dry Tortugas National Park","2023","7","July","7375"
"DRTO","Dry Tortugas National Park","2023","8","August","6904"
"DRTO","Dry Tortugas National Park","2023","9","September","6382"
"DRTO","Dry Tortugas National Park","2023","10","October","4820"
"DRTO","Dry Tortugas National Park","2023","11","November","6147"
"DRTO","Dry Tortugas National Park","2023","12","December","6417"
"DRTO","Dry Tortugas National Park","2024","1","January","7673"
"DRTO","Dry Tortugas National Park","2024","2","February","7108"
"DRTO","Dry Tortugas National Park","2024","3","March","7961"
"DRTO","Dry Tortugas National Park","2024","4","April","8194"
"DRTO","Dry Tortugas National Park","2024","5","May","8542"
"DRTO","Dry Tortugas National Park","2024","6","June","8325"
"DRTO","Dry Tortugas National Park","2024","7","July","7835"
"DRTO","Dry Tortugas National Park","2024","8","August","5165"
"DRTO","Dry Tortugas National Park","2024","9","September","5690"
"DRTO","Dry Tortugas National Park","2024","10","October","4288"
"DRTO","Dry Tortugas National Park","2024","11","November","6577"
"DRTO","Dry Tortugas National Park","2024","12","December","7515"
"DRTO","Dry Tortugas National Park","2025","1","January","7181"
"DRTO","Dry Tortugas National Park","2025","2","February","7349"
"DRTO","Dry Tortugas National Park","2025","3","March","7715"
"DRTO","Dry Tortugas National Park","2025","4","April","8225"
"DRTO","Dry Tortugas National Park","2025","5","May","10012"
"DRTO","Dry Tortugas National Park","2025","6","June","8022"
"DRTO","Dry Tortugas National Park","2025","7","July","8286"
"DRTO","Dry Tortugas National Park","2025","8","August","7087"
"DRTO","Dry Tortugas National Park","2025","9","September","5230"
"DRTO","Dry Tortugas National Park","2025","10","October","5327"
"DRTO","Dry Tortugas National Park","2025","11","November","6964"
"DRTO","Dry Tortugas National Park","2025","12","December","7957"
"EVER","Everglades National Park","2015","1","January","142660"
"EVER","Everglades National Park","2015","2","February","145148"
"EVER","Everglades National Park","2015","3","March","149383"
"EVER","Everglades National Park","2015","4","April","108982"
"EVER","Everglades National Park","2015","5","May","70711"
"EVER","Everglades National Park","2015","6","June","61840"
"EVER","Everglades National Park","2015","7","July","72567"
"EVER","Everglades National Park","2015","8","August","67529"
"EVER","Everglades National Park","2015","9","September","32717"
"EVER","Everglades National Park","2015","10","October","62000"
"EVER","Everglades National Park","2015","11","November","84937"
"EVER","Everglades National Park","2015","12","December","78953"
"EVER","Everglades National Park","2016","1","January","116221"
"EVER","Everglades National Park","2016","2","February","120197"
"EVER","Everglades National Park","2016","3","March","134815"
"EVER","Everglades National Park","2016","4","April","65054"
"EVER","Everglades National Park","2016","5","May","73548"
"EVER","Everglades National Park","2016","6","June","64110"
"EVER","Everglades National Park","2016","7","July","53064"
"EVER","Everglades National Park","2016","8","August","47351"
"EVER","Everglades National Park","2016","9","September","44750"
"EVER","Everglades National Park","2016","10","October","55600"
"EVER","Everglades National Park","2016","11","November","69074"
"EVER","Everglades National Park","2016","12","December","87123"
"EVER","Everglades National Park","2017","1","January","194200"
"EVER","Everglades National Park","2017","2","February","120646"
"EVER","Everglades National Park","2017","3","March","126818"
"EVER","Everglades National Park","2017","4","April","98915"
"EVER","Everglades National Park","2017","5","May","74300"
"EVER","Everglades National Park","2017","6","June","68958"
"EVER","Everglades National Park","2017","7","July","52425"
"EVER","Everglades National Park","2017","8","August","85059"
"EVER","Everglades National Park","2017","9","September","17708"
"EVER","Everglades National Park","2017","10","October","42574"
"EVER","Everglades National Park","2017","11","November","49593"
"EVER","Everglades National Park","2017","12","December","87361"
"EVER","Everglades National Park","2018","1","January","33950"
"EVER","Everglades National Park","2018","2","February","66837"
"EVER","Everglades National Park","2018","3","March","45018"
"EVER","Everglades National Park","2018","4","April","35737"
"EVER","Everglades National Park","2018","5","May","31090"
"EVER","Everglades National Park","2018","6","June","30697"
"EVER","Everglades National Park","2018","7","July","36653"
"EVER","Everglades National Park","2018","8","August","26945"
"EVER","Everglades National Park","2018","9","September","37443"
"EVER","Everglades National Park","2018","10","October","58920"
"EVER","Everglades National Park","2018","11","November","74544"
"EVER","Everglades National Park","2018","12","December","119290"
"EVER","Everglades National Park","2019","1","January","85838"
"EVER","Everglades National Park","2019","2","February","96953"
"EVER","Everglades National Park","2019","3","March","146859"
"EVER","Everglades National Park","2019","4","April","131278"
"EVER","Everglades National Park","2019","5","May","77435"
"EVER","Everglades National Park","2019","6","June","68267"
"EVER","Everglades National Park","2019","7","July","63394"
"EVER","Everglades National Park","2019","8","August","80177"
"EVER","Everglades National Park","2019","9","September","60469"
"EVER","Everglades National Park","2019","10","October","70222"
"EVER","Everglades National Park","2019","11","November","103643"
"EVER","Everglades National Park","2019","12","December","133765"
"EVER","Everglades National Park","2020","1","January","95635"
"EVER","Everglades National Park","2020","2","February","165994"
"EVER","Everglades National Park","2020","3","March","99917"
"EVER","Everglades National Park","2020","4","April","4784"
"EVER","Everglades National Park","2020","5","May","24446"
"EVER","Everglades National Park","2020","6","June","69851"
"EVER","Everglades National Park","2020","7","July","43509"
"EVER","Everglades National Park","2020","8","August","46912"
"EVER","Everglades National Park","2020","9","September","20084"
"EVER","Everglades National Park","2020","10","October","20795"
"EVER","Everglades National Park","2020","11","November","30813"
"EVER","Everglades National Park","2020","12","December","79579"
"EVER","Everglades National Park","2021","1","January","123528"
"EVER","Everglades National Park","2021","2","February","93812"
"EVER","Everglades National Park","2021","3","March","82016"
"EVER","Everglades National Park","2021","4","April","94693"
"EVER","Everglades National Park","2021","5","May","95632"
"EVER","Everglades National Park","2021","6","June","97092"
"EVER","Everglades National Park","2021","7","July","74370"
"EVER","Everglades National Park","2021","8","August","57175"
"EVER","Everglades National Park","2021","9","September","44673"
"EVER","Everglades National Park","2021","10","October","50173"
"EVER","Everglades National Park","2021","11","November","60962"
"EVER","Everglades National Park","2021","12","December","68004"
"EVER","Everglades National Park","2022","1","January","139538"
"EVER","Everglades National Park","2022","2","February","156859"
"EVER","Everglades National Park","2022","3","March","136512"
"EVER","Everglades National Park","2022","4","April","132171"
"EVER","Everglades National Park","2022","5","May","91086"
"EVER","Everglades National Park","2022","6","June","85214"
"EVER","Everglades National Park","2022","7","July","80773"
"EVER","Everglades National Park","2022","8","August","86642"
"EVER","Everglades National Park","2022","9","September","61057"
"EVER","Everglades National Park","2022","10","October","44197"
"EVER","Everglades National Park","2022","11","November","64825"
"EVER","Everglades National Park","2022","12","December","76319"
"EVER","Everglades National Park","2023","1","January","94483"
"EVER","Everglades National Park","2023","2","February","95683"
"EVER","Everglades National Park","2023","3","March","101446"
"EVER","Everglades National Park","2023","4","April","73876"
"EVER","Everglades National Park","2023","5","May","52527"
"EVER","Everglades National Park","2023","6","June","51515"
"EVER","Everglades National Park","2023","7","July","59243"
"EVER","Everglades National Park","2023","8","August","56369"
"EVER","Everglades National Park","2023","9","September","44341"
"EVER","Everglades National Park","2023","10","October","39358"
"EVER","Everglades National Park","2023","11","November","63485"
"EVER","Everglades National Park","2023","12","December","77863"
"EVER","Everglades National Park","2024","1","January","65585"
"EVER","Everglades National Park","2024","2","February","83898"
"EVER","Everglades National Park","2024","3","March","96400"
"EVER","Everglades National Park","2024","4","April","58807"
"EVER","Everglades National Park","2024","5","May","43859"
"EVER","Everglades National Park","2024","6","June","53704"
"EVER","Everglades National Park","2024","7","July","65941"
"EVER","Everglades National Park","2024","8","August","56695"
"EVER","Everglades National Park","2024","9","September","37708"
"EVER","Everglades National Park","2024","10","October","38085"
"EVER","Everglades National Park","2024","11","November","60247"
"EVER","Everglades National Park","2024","12","December","81054"
"EVER","Everglades National Park","2025","1","January","89939"
"EVER","Everglades National Park","2025","2","February","87926"
"EVER","Everglades National Park","2025","3","March","99017"
"EVER","Everglades National Park","2025","4","April","84148"
"EVER","Everglades National Park","2025","5","May","61712"
"EVER","Everglades National Park","2025","6","June","59249"
"EVER","Everglades National Park","2025","7","July","70103"
"EVER","Everglades National Park","2025","8","August","50464"
"EVER","Everglades National Park","2025","9","September","32290"
"EVER","Everglades National Park","2025","10","October","19008"
"EVER","Everglades National Park","2025","11","November","53416"
"EVER","Everglades National Park","2025","12","December","70926"
